{
  "w": 1.505878379749317,
  "b": -5.065946451775472,
  "r2": 0.9954091901814975,
  "mae": 0.39701418667857025,
  "rmse": 0.48793841961295165
}